{
  "tests": [
    {
      "name": "test 1-1",
      "setup": "javac Search.java",
      "run": "java -cp . Search",
      "input": "1-1.txt, bir",
      "output": "5: Ben bir bagda\r\n7: bir varmis\r\n7: varmis bir yokmus",
      "comparison": "included",
      "timeout": 1,
      "points": 20
    },
    {
      "name": "test 1-2",
      "setup": "javac Search.java",
      "run": "java -cp . Search",
      "input": "1-2.txt, at",
      "output": "6: nostrud exercitation ullamco\r\n6: commodo consequat.\r\n7: in voluptate velit\r\n7: eu fugiat nulla\r\n7: nulla pariatur.\r\n8: sint occaecat cupidatat\r\n8: occaecat cupidatat non\r\n8: occaecat cupidatat non",
      "comparison": "included",
      "timeout": 1,
      "points": 30
    },
    {
      "name": "test 2-1",
      "setup": "javac Compress.java",
      "run": "java -cp . Compress",
      "input": "2-1.txt",
      "output": "abcdaeaf\r\n10000010101011010111\r\nabcdaeaf",
      "comparison": "included",
      "timeout": 1,
      "points": 20
    },
    {
      "name": "test 2-2",
      "setup": "javac Compress.java",
      "run": "java -cp . Compress",
      "input": "2-2.txt",
      "output": "aaaaa\r\nbbbb\r\nccc\r\ndd\r\ne\r\n11111\r\n000000000000\r\n001001001\r\n010010\r\n0110\r\naaaaa\r\nbbbb\r\nccc\r\ndd\r\ne",
      "comparison": "included",
      "timeout": 1,
      "points": 30
    }
  ]
}